9.496071147025585e-11,3.72493090504606e-9
3.9996457450841907e-10,3.906955255925447e-9
9.617853980387928e-10,4.330764839051329e-9
1.8524527585965037e-9,5.015813224271318e-9
3.173780589782715e-9,6.005703416104438e-9
5.062296903934078e-9,7.366310417799783e-9
7.697129834715658e-9,9.184680843137595e-9
1.130618414397933e-8,1.156960182210984e-8
1.617278786144728e-8,1.4654478253147114e-8
2.2641107708143554e-8,1.8599481133781566e-8
3.1118393235319375e-8,2.35978806166156e-8
4.2077609104048726e-8,2.988395168926037e-8
5.6053156266611583e-8,3.774316981406464e-8
7.363260461031955e-8,4.7525548674289564e-8
9.544466820246552e-8,5.96580947686025e-8
1.2214193742841144e-7,7.466240463598345e-8
1.5438441646063413e-7,9.317239609760769e-8
1.9281624089862395e-7,1.1594985699752e-7
2.380439523055259e-7,1.4389768925185105e-7
2.906181797108561e-7,1.7806471244281166e-7
3.510166223449973e-7,2.1964609789217164e-7
4.1963718957573844e-7,2.699703039621737e-7
4.967993626614144e-7,3.3047573691475844e-7
5.82757763033369e-7,4.026802464764878e-7
6.777212360119969e-7,4.881332659711038e-7
7.818706577159769e-7,5.88354965651502e-7
8.953902332962229e-7,7.047614054976892e-7
1.0185166670627845e-6,8.386014559515862e-7
1.1515754347278e-6,9.909023909197568e-7
1.295003982113276e-6,1.1624015181565714e-6
1.4493526891090547e-6,1.3534872878227851e-6
1.6152963358937474e-6,1.5641485156615229e-6
1.7936546764716015e-6,1.7939860699633923e-6
1.9853528232720235e-6,2.0422246417021785e-6
2.1913852484430967e-6,2.30772863324658e-6
2.4127378428256903e-6,2.5890404676716163e-6
2.6503559193843695e-6,2.8844320478630907e-6
2.905092357482252e-6,3.19202515591624e-6
3.1776244553060997e-6,3.5098515931290397e-6
3.468405685606044e-6,3.835949221674351e-6
3.7775918899274885e-6,4.168423834525136e-6
4.105042659781642e-6,4.505533091384696e-6
4.4502837605710475e-6,4.845765228508632e-6
4.812511520311059e-6,5.187859754729653e-6
5.190604150781006e-6,5.530853882658952e-6
5.583151713345444e-6,5.874070486002605e-6
5.9885102546900986e-6,6.217129513798264e-6
6.404848158758458e-6,6.559919091986871e-6
6.830216874354753e-6,6.902561304357429e-6
7.2626097508319606e-6,7.245376395138759e-6
7.700032823857164e-6,7.588831836897345e-6
8.140561434353184e-6,7.933499006051156e-6
8.58239823532355e-6,8.280009482168362e-6
9.023917950154577e-6,8.629012067193937e-6
9.463699539662407e-6,8.981141715984045e-6
9.900559150783744e-6,9.336991951492929e-6
1.0333561251877106e-5,9.697098535060786e-6
1.0762027031117836e-5,1.0061933362799051e-5
1.1185528196306763e-5,1.0431895018302824e-5
1.1603873495565217e-5,1.080731354033772e-5
1.2016153417732353e-5,1.1187402902849753e-5
1.2421352636946796e-5,1.1571331390494766e-5
1.2819369737448226e-5,1.195926266611179e-5
1.3210204131684062e-5,1.2351246822270927e-5
1.3593967887673392e-5,1.2747219701855407e-5
1.397088120526819e-5,1.3147016608394789e-5
1.4341262218425283e-5,1.3550367984771417e-5
1.4705521213668895e-5,1.3956914642823114e-5
1.5064141429629733e-5,1.4366202677004417e-5
1.5417682411375134e-5,1.477770664141229e-5
1.576675758731956e-5,1.5190840093630173e-5
1.6112024990458102e-5,1.5604966807628725e-5
1.6454166764380725e-5,1.6019418019119608e-5
1.6793877933349846e-5,1.6433497744248253e-5
1.7131853374075705e-5,1.6846511031420222e-5
1.746877159983903e-5,1.725776898864775e-5
1.780528109224904e-5,1.766660864829446e-5
1.814198670130756e-5,1.8072401313696805e-5
1.8479440575501863e-5,1.847456557064243e-5
1.8818130789605967e-5,1.8872581375654393e-5
1.915847503077193e-5,1.9265994587959313e-5
1.950081152711355e-5,1.965442733764148e-5
1.9845397765869644e-5,2.0037580718003586e-5
2.0192405934869495e-5,2.0415239590832922e-5
2.054192361710786e-5,2.0787274499107868e-5
2.089395541351263e-5,2.1153639326690447e-5
2.124842490070993e-5,2.1514370446335795e-5
2.1605181364174713e-5,2.186958219072434e-5
2.1964004519602407e-5,2.2219460626027103e-5
2.232461294701927e-5,2.2564257949598804e-5
2.2686673229388567e-5,2.2904282082248357e-5
2.3049807364697784e-5,2.323989016694372e-5
2.3413605360298027e-5,2.357147732775631e-5
2.3777633216839358e-5,2.3899466672972827e-5
2.41414446341109e-5,2.4224299671873827e-5
2.450459056161075e-5,2.45464248736138e-5
2.486662746554627e-5,2.4866289812162874e-5
2.522712894430756e-5,2.518433040309371e-5
2.5585691254409127e-5,2.5500962442937148e-5
2.5941942365427823e-5,2.5816574699582927e-5
2.62955465638597e-5,2.6131521490341853e-5
2.664620967075441e-5,2.6446118212698064e-5
2.69936838910205e-5,2.6760636223422085e-5
2.7337768761562502e-5,2.707529948062297e-5
2.7678313288922712e-5,2.7390284036099874e-5
2.8015215460549086e-5,2.7705715871936555e-5
2.8348421287011295e-5,2.802167285170386e-5
2.8677923587803167e-5,2.833818505048163e-5
2.900375777101708e-5,2.865523765579112e-5
2.9325998885401667e-5,2.8972775065506817e-5
2.964475709605668e-5,2.9290703616604853e-5
2.9960172564501335e-5,2.9608897602385938e-5
3.027241107702818e-5,2.9927203074009238e-5
3.058165748258682e-5,3.0245443880457587e-5
3.088811124578972e-5,3.056342712493613e-5
3.119198066502079e-5,3.088094791354019e-5
3.149347762860801e-5,3.119779549315563e-5
3.179281327689827e-5,3.151375750191346e-5
3.209019284138136e-5,3.1828625033878455e-5
3.238581235000715e-5,3.214219687928929e-5
3.2679854865242204e-5,3.2454282785498764e-5
3.2972487549336646e-5,3.276470722844503e-5
3.3263859852848736e-5,3.3073311404576184e-5
3.3554101283437364e-5,3.3379955435408856e-5
3.38433208343471e-5,3.368451984221893e-5
3.4131606257153545e-5,3.3986905913890794e-5
3.44190240624376e-5,3.4287036438792256e-5
3.470562036891332e-5,3.458485491142494e-5
3.49914213373015e-5,3.488032511669173e-5
3.5276434947319595e-5,3.517342999127493e-5
3.5560652368951176e-5,3.546416988646802e-5
3.584404984729115e-5,3.575256116475489e-5
3.6126590789736386e-5,3.60386339657484e-5
3.6408227557239065e-5,3.632243044777629e-5
3.668890392342835e-5,3.660400258678398e-5
3.6968556938173364e-5,3.688340993330898e-5
3.724711895135893e-5,3.7160717812047164e-5
3.7524519461246216e-5,3.7435995218457344e-5
3.780068665168238e-5,3.770931327321237e-5
3.807554913949442e-5,3.798074347809456e-5
3.8349036930238125e-5,3.825035634682373e-5
3.862108257447512e-5,3.851822047693476e-5
3.889162184085465e-5,3.87844014314393e-5
3.916059417643323e-5,3.904896142307375e-5
3.9427943326372765e-5,3.931195853223102e-5
3.96936168892537e-5,3.957344674833479e-5
3.995756678196765e-5,3.983347605926506e-5
4.021974865732628e-5,4.009209216718578e-5
4.048012156544403e-5,4.034933749997747e-5
4.0738648213890586e-5,4.0605250666392294e-5
4.099529336052447e-5,4.085986750001757e-5
4.125002494759029e-5,4.111322146298617e-5
4.150281281474484e-5,4.136534287475628e-5
4.175362854342493e-5,4.161626108041637e-5
4.200244725318624e-5,4.1866002050360257e-5
4.2249244653209273e-5,4.2114589967198694e-5
4.249400164244633e-5,4.236204676561932e-5
4.273670216955299e-5,4.260838870369481e-5
4.2977334642331605e-5,4.2853630544917296e-5
4.321589747857485e-5,4.30977777712884e-5
4.3452392929525746e-5,4.334082985451149e-5
4.3686839126628434e-5,4.358277766246625e-5
4.391926478516808e-5,4.382359527176407e-5
4.414971270103081e-5,4.406324955944203e-5
4.437825148206863e-5,4.430168271568662e-5
4.460495989048737e-5,4.453882078953026e-5
4.482995162861648e-5,4.4774570381196195e-5
4.505336142107797e-5,4.500880150917933e-5
4.5275346310260914e-5,4.524137431186291e-5
4.549611145553703e-5,4.5472103164503484e-5
4.571586415897224e-5,4.570078020906114e-5
4.593486809383559e-5,4.592717754980434e-5
4.615340210604628e-5,4.615100866663056e-5
4.6371755429622435e-5,4.637200497423292e-5
4.659028245532422e-5,4.658983189537891e-5
4.680928313262993e-5,4.680416021769914e-5
4.702913051164011e-5,4.701466887904842e-5
4.7250154812101964e-5,4.7220972388349737e-5
4.7472648620898205e-5,4.742279474266246e-5
4.7696960489666025e-5,4.761978460527567e-5
4.792325456332134e-5,4.781168651726375e-5
4.815176714050363e-5,4.7998327753049666e-5
4.838257664458032e-5,4.817948793215444e-5
4.86156107259025e-5,4.8355230763793484e-5
4.885085694598206e-5,4.852554777847693e-5
4.9087881039036214e-5,4.8690652755941676e-5
4.932635096670204e-5,4.885100451385942e-5
4.956564168525019e-5,4.9006939828826984e-5
4.980477687243705e-5,4.915941232579565e-5
5.004303695159063e-5,4.930916692526655e-5
5.027882398921558e-5,4.9457339003394933e-5
5.0510979799284494e-5,4.960549147450863e-5
5.073780886421214e-5,4.975472547332068e-5
5.095719749616997e-5,4.990732467226278e-5
5.1167744708680444e-5,5.0064762320269186e-5
5.136657858165734e-5,5.022923255145588e-5
5.15521072708466e-5,5.04032336562935e-5
5.1721878911594364e-5,5.058825391482296e-5
5.187327605898457e-5,5.078748580512056e-5
5.2005135988877834e-5,5.1002331723030796e-5
5.211432727066704e-5,5.123503049467699e-5
5.2200096905656454e-5,5.1488004867641974e-5
5.226106225449017e-5,5.176140290148089e-5
5.229532599369601e-5,5.205792531823397e-5
5.23046918023868e-5,5.237697722040592e-5
5.228710743689735e-5,5.271845470173274e-5
5.2245475749695456e-5,5.308331996502229e-5
5.218173865273692e-5,5.346683953216391e-5
5.209644233144027e-5,5.387035891983702e-5
5.1997879935652294e-5,5.428762093025861e-5
5.188545507040246e-5,5.4714903021293035e-5
5.176943421133541e-5,5.514948230671413e-5
5.165502126579723e-5,5.557954106979782e-5
5.154740984655425e-5,5.600476731699416e-5
5.146132964169378e-5,5.6411183175201474e-5
5.139799869643336e-5,5.6792238007260264e-5
5.1373693033542525e-5,5.7141142977943355e-5
5.1396484880352335e-5,5.74407916475213e-5
5.14721284907217e-5,5.769010476923454e-5
5.162040177433893e-5,5.787230971987524e-5
5.1839081194574836e-5,5.79779962572582e-5
5.214463757819755e-5,5.800633589535786e-5
5.254581947042275e-5,5.793382335424523e-5
5.303522503480147e-5,5.777136690482978e-5
5.364038614066881e-5,5.750168663787633e-5
5.433599496675194e-5,5.7121518086135276e-5
5.514212128460933e-5,5.664707026914056e-5
5.605016167110695e-5,5.604931988431974e-5
5.703741923601694e-5,5.537064422982826e-5
5.812884550492382e-5,5.458832547545368e-5
5.926751505017855e-5,5.3726615233759446e-5
6.047412033285327e-5,5.281272855481168e-5
6.171219033371318e-5,5.183046476263633e-5
6.294669432038756e-5,5.0845868043318105e-5
6.418813547135499e-5,4.984736251503693e-5
6.536281650077094e-5,4.887277624398908e-5
6.64715837045119e-5,4.797488062402666e-5
6.748629238151834e-5,4.713395379649579e-5
6.832664153757348e-5,4.643991922305248e-5
6.90431701884424e-5,4.589009045317196e-5
6.951388113622798e-5,4.550270291388877e-5
6.976985929608969e-5,4.538258298735929e-5
6.97880256024819e-5,4.543463887581236e-5
6.946219802506844e-5,4.5821786855025514e-5
6.892478670990922e-5,4.645886743447324e-5
6.798619803273712e-5,4.739173807171829e-5
6.678849421226428e-5,4.86949424682717e-5
6.526530445951375e-5,5.02228895782985e-5
6.338884949260661e-5,5.215485591272948e-5
6.130293503076424e-5,5.432057666279433e-5
5.887129916857818e-5,5.677038127120151e-5
5.6253463069989185e-5,5.951238319206145e-5
5.346832248171916e-5,6.238039557659567e-5
5.0465598784676314e-5,6.547834593589484e-5
4.7498119566401916e-5,6.866392455519848e-5
4.442574320200418e-5,7.182696584346864e-5
4.142613566791108e-5,7.510940233330087e-5
3.865076106511376e-5,7.811266460236484e-5
3.588262297123335e-5,8.110116529503556e-5
3.3655066074252795e-5,8.377823751393191e-5
3.154637568935598e-5,8.605864733893126e-5
3.0008873976098813e-5,8.814761879957263e-5
2.8976749891154867e-5,8.948054361569963e-5
2.834117558885048e-5,9.05680813865977e-5
2.8566262116909816e-5,9.087794942009515e-5
2.917852031817739e-5,9.059992772908927e-5
3.0626788100215257e-5,8.97671345495962e-5
3.274345871305324e-5,8.805577786279929e-5
3.541089961060085e-5,8.584123691124928e-5
3.893657842247826e-5,8.288238747801751e-5
4.293808161678539e-5,7.917311502034725e-5
4.749958515289357e-5,7.511529163986234e-5
5.2799523522424034e-5,7.01993307004332e-5
5.8093091795515275e-5,6.504805322784694e-5
6.421748190459138e-5,5.950137861464445e-5
7.013549450634636e-5,5.341443803037965e-5
7.632572555395714e-5,4.769044274416137e-5
8.263468163008866e-5,4.1281763687142225e-5
8.832181455712467e-5,3.5560894094376625e-5
9.433974880653863e-5,2.9709633792743632e-5
9.931567906330912e-5,2.4248508383503307e-5
0.00010413496614832615,1.9567979449154208e-5
0.00010817333888221726,1.50413214236695e-5
0.00011123713862547848,1.1697599983386133e-5
0.00011373211171818837,8.946808456012646e-6
0.0001150096035956882,7.076440833703646e-6
0.00011525563941399023,6.4982128418684995e-6
0.00011477120268741818,6.591618855648587e-6
0.0001126037768457446,7.985212608490584e-6
0.00011002335452974549,1.0578517809279866e-5
0.0001059392032426119,1.3685213300110224e-5
0.00010090312270859031,1.869160554579818e-5
9.544300829076674e-5,2.364957085507406e-5
8.82609168172374e-5,3.02729082755579e-5
8.1506341411071e-5,3.7268174391376485e-5
7.321356234691085e-5,4.469566484096212e-5
6.514316714683168e-5,5.3246852690544886e-5
5.6745114102253856e-5,6.119720137359434e-5
4.796072993927676e-5,7.01264275516013e-5
3.9855862675756965e-5,7.848791423626201e-5
3.1582555488575e-5,8.672346188764456e-5
2.39395833228333e-5,9.48243238947815e-5
1.7187658370366952e-5,0.00010198395013674725
1.0680522059550794e-5,0.00010862509701533042
5.6757003245301e-6,0.00011460492606464037
1.4192491426738328e-6,0.00011892753677732744
-1.933232649523851e-6,0.0001231497252841684
-3.280731260094494e-6,0.00012518120342454618
-4.612765995688938e-6,0.00012667861263650053
3.9151852201657e-6,0.0001267907286179784
5.2118340586097615e-6,0.0001266494451699497
6.452357785414308e-6,0.0001252359349712113
9.630034675408332e-6,0.0001233333900209171
1.360988922477208e-5,0.00011934533624777218
1.830010714412167e-5,0.00011531817017845963
2.4406260379395176e-5,0.00010969176167375703
3.0712487600977546e-5,0.00010348393478270159
3.787410903087419e-5,9.678077443287624e-5
4.5612294236771344e-5,8.919381065691457e-5
5.3182507463564456e-5,8.149596882108727e-5
6.14065878972532e-5,7.367706726666374e-5
6.924551488975328e-5,6.531751541130097e-5
7.678380812328262e-5,5.790711553416076e-5
8.454321680978877e-5,4.989261692415606e-5
9.08227393665012e-5,4.297360273061774e-5
9.755643268124988e-5,3.643345860715324e-5
0.00010262083845962348,3.0242767176802408e-5
0.00010733179888688813,2.5637756835818556e-5
0.00011113235865892292,2.0940475668148342e-5
0.0001135192027545178,1.8073691800611542e-5
0.00011554722454659525,1.5641961504500996e-5
0.00011596652216772767,1.4357587482958692e-5
0.00011573294818377119,1.4284341030808594e-5
0.00011452041198833904,1.4826360822622962e-5
0.00011216937683006459,1.6592698524948326e-5
0.00010929901117410449,1.9170139923868934e-5
0.0001055067033172768,2.2298313829774206e-5
0.00010098778169052345,2.654692861544779e-5
9.633665301331361e-5,3.0915045821047285e-5
9.068547873676749e-5,3.603123605201892e-5
8.537903907163557e-5,4.1503502608966e-5
7.946172451763877e-5,4.6841887999940704e-5
7.367450944001249e-5,5.284853235089886e-5
6.814284404005126e-5,5.8178131235173815e-5
6.240255695258154e-5,6.388013377818442e-5
5.7466669194879484e-5,6.905200152134494e-5
5.2497801968300805e-5,7.386171200486405e-5
4.82402696357042e-5,7.845677164412319e-5
4.449814438972126e-5,8.223348228568606e-5
4.119852821251529e-5,8.570038585739708e-5
3.87105275514779e-5,8.845429168500817e-5
3.6728685323536274e-5,9.051382984476276e-5
3.53746552945402e-5,9.21090860403532e-5
3.4807476739567935e-5,9.287277267078665e-5
3.458989760930643e-5,9.312556545045054e-5
3.519123784262353e-5,9.282785574781721e-5
3.615179326160943e-5,9.17953081086328e-5
3.758834102739008e-5,9.054805630160907e-5
3.956377592945496e-5,8.857697817469572e-5
4.1637813704520025e-5,8.644118098976149e-5
4.4232269842238316e-5,8.392720377833547e-5
4.6819733833397694e-5,8.112128238770175e-5
4.962481351852424e-5,7.830907554612265e-5
5.249617734658896e-5,7.522518646291927e-5
5.526539697104573e-5,7.226268595101793e-5
5.8073826607359585e-5,6.927321691903539e-5
6.0672967967773485e-5,6.636653136154627e-5
6.311803748062779e-5,6.367785115312652e-5
6.539012439068659e-5,6.110238969483486e-5
6.73345976753934e-5,5.880356755171945e-5
6.908780068344489e-5,5.676995035930772e-5
7.050709163769389e-5,5.495205231030222e-5
7.162197196736553e-5,5.351727099740165e-5
7.249707745072869e-5,5.22872009147461e-5
7.2991500486639e-5,5.140765597691107e-5
7.329309981814696e-5,5.0803789106181536e-5
7.326820865428667e-5,5.043217915036858e-5
7.302222421986387e-5,5.037814565736183e-5
7.257540815851953e-5,5.048108992658371e-5
7.189564942254805e-5,5.083799121007411e-5
7.110240888792018e-5,5.1345473350503654e-5
7.01430244397223e-5,5.198815397113515e-5
6.909611145115124e-5,5.277016127912024e-5
6.79872283276226e-5,5.360397976894154e-5
6.681406621856958e-5,5.451134603026498e-5
6.564830916074128e-5,5.5441049463091954e-5
6.447780550368705e-5,5.6357360488018453e-5
6.333639447121949e-5,5.7273047331590726e-5
6.225905886812511e-5,5.81235264605878e-5
6.122434824152257e-5,5.892613131053458e-5
6.0288328781256285e-5,5.9654351847502646e-5
5.942547022359908e-5,6.028479192389406e-5
5.865825592633692e-5,6.0840450872287924e-5
5.7995002573048047e-5,6.127925328804406e-5
5.741578160085017e-5,6.163030303564233e-5
5.6946045734943556e-5,6.187719080586077e-5
5.6558561561250215e-5,6.202302441446815e-5
5.626121948685924e-5,6.20846335722161e-5
5.604571577801298e-5,6.205066444993166e-5
5.589620140312519e-5,6.194409209337478e-5
5.5815494518002834e-5,6.176510846722911e-5
5.578443533681441e-5,6.152254544939245e-5
5.579792577337372e-5,6.123251321239074e-5
5.5848475137139565e-5,6.0895479658660344e-5
5.5920406447715796e-5,6.052796297680344e-5
5.6013032279370556e-5,6.0136174291182366e-5
5.611210158041675e-5,5.9726171641180094e-5
5.621286018376179e-5,5.931146397012004e-5
5.6310457623591576e-5,5.889196970880801e-5
5.639493772276712e-5,5.847917676652642e-5
5.646713540834944e-5,5.8075528604920065e-5
5.651893434970693e-5,5.768454579687132e-5
5.654991684769569e-5,5.731232980216007e-5
5.6558207417329056e-5,5.695743932161123e-5
5.6540930905086696e-5,5.662456254772057e-5
5.6500123747702574e-5,5.631272996421745e-5
5.643393160400012e-5,5.60220815940365e-5
5.6344177148209196e-5,5.5753274470171525e-5
5.6232143359049186e-5,5.5503696101224114e-5
5.609847117465719e-5,5.527330547809909e-5
5.594616932975386e-5,5.505979707414853e-5
5.577627267144092e-5,5.4861058696988854e-5
5.559127178297783e-5,5.4675815400140814e-5
5.5393493620049746e-5,5.450100109704821e-5
5.5184412361351424e-5,5.4335249351579966e-5
5.496679063779533e-5,5.4176175331407776e-5
5.474193021183527e-5,5.402168962503533e-5
5.4511857449563365e-5,5.38704122648015e-5
5.42781920223439e-5,5.3720141251834686e-5
5.404202859444006e-5,5.356984524989869e-5
5.3804913253284216e-5,5.341801891425495e-5
5.3567524726614546e-5,5.32635732590636e-5
5.333080890883215e-5,5.3105798897245335e-5
5.309536945925527e-5,5.294376802141456e-5
5.2861525166916506e-5,5.2777161108429874e-5
5.2629703890918575e-5,5.2605529032955425e-5
5.239991726415643e-5,5.2428661548872635e-5
5.217224138409354e-5,5.224656555028396e-5
5.1946604936706475e-5,5.205917180816927e-5
5.172278119229254e-5,5.186669229821188e-5
5.1500617162233724e-5,5.166928930433923e-5
5.127977630098903e-5,5.146720665736612e-5
5.1059978348473375e-5,5.126078348215007e-5
5.084090526311352e-5,5.105028349321642e-5
5.062219574813286e-5,5.0836080196892244e-5
5.04035610143978e-5,5.0618483179350706e-5
5.01846571781543e-5,5.03978108131037e-5
4.996520492901075e-5,5.0174387456637566e-5
4.974493488542455e-5,4.9948471998360444e-5
4.95235925838108e-5,4.9720341623189845e-5
4.93009799393688e-5,4.9490215012922426e-5
4.907690130037471e-5,4.925829066010346e-5
4.885120972494373e-5,4.902474437960674e-5
4.8623781477820015e-5,4.878970547519185e-5
4.83945150005021e-5,4.855329234309083e-5
4.8163345077600866e-5,4.831558551389461e-5
4.793021823192745e-5,4.8076644562170536e-5
4.769510848956533e-5,4.783651127952557e-5
4.74580057073654e-5,4.759520103877053e-5
4.721891200835237e-5,4.735272028400266e-5
4.6977846948653044e-5,4.7109057047885546e-5
4.673483522123933e-5,4.686418931101635e-5
4.648991246502007e-5,4.6618087925157016e-5
4.6243119293609724e-5,4.63707137216574e-5
4.599449928096844e-5,4.6122025811480404e-5
4.57441004652105e-5,4.587197804419179e-5
4.549197000124719e-5,4.5620523099931576e-5
4.523815625776845e-5,4.536761378117498e-5
4.4982706172851075e-5,4.51132022558078e-5
4.472566440594326e-5,4.4857243388877494e-5
4.446707372208836e-5,4.4599693558119496e-5
4.420697291623301e-5,4.434051229806049e-5
4.3945397434688235e-5,4.407966291323166e-5
4.368237831996165e-5,4.381711230100029e-5
4.341794170060607e-5,4.355283232277299e-5
4.315210885294999e-5,4.328679952008389e-5
4.2884895237907146e-5,4.301899582079685e-5
4.261631054145467e-5,4.2749409009019063e-5
4.2346358152191495e-5,4.2478032781647604e-5
4.207503480966156e-5,4.220486743442909e-5
4.180233059152549e-5,4.192991983750585e-5
4.152822841868728e-5,4.1653203777593835e-5
4.125270408308419e-5,4.137474023713665e-5
4.097572622015746e-5,4.109455728974491e-5
4.069725638313575e-5,4.081269019086138e-5
4.041724942288163e-5,4.052918105843686e-5
4.013565363454906e-5,4.024407864286208e-5
3.9852411465687386e-5,3.995743797105039e-5
3.9567460355396364e-5,3.9669319456980545e-5
3.9280733631238356e-5,3.937978812242544e-5
3.8992161737880584e-5,3.908891247977216e-5
3.8701673378566294e-5,3.8796763361509325e-5
3.840919727823067e-5,3.850341254510609e-5
3.811466397422199e-5,3.820893081523355e-5
3.781800750852405e-5,3.791338635346911e-5
3.751916752231293e-5,3.761684278312866e-5
3.7218091170540533e-5,3.7319357154648385e-5
3.691473545103796e-5,3.7020977907847454e-5
3.660906928198417e-5,3.672174246961384e-5
3.630107519791881e-5,3.642167556760933e-5
3.5990751581119585e-5,3.6120787158929916e-5
3.567811406089589e-5,3.581907056458129e-5
3.536319715006717e-5,3.55165011082015e-5
3.5046055163834e-5,3.521303455594179e-5
3.4726762694164585e-5,3.490860674076261e-5
3.4405415384890005e-5,3.460313269740085e-5
3.408212918076134e-5,3.4296506661439764e-5
3.375703972391247e-5,3.3988602949538646e-5
3.343030091081622e-5,3.3679276603021765e-5
3.310208283803454e-5,3.336836560752644e-5
3.277256985143943e-5,3.305569246806725e-5
3.244195673215402e-5,3.274106733762941e-5
3.2110445294497e-5,3.242429162620453e-5
3.177824057997718e-5,3.2105161396815466e-5
3.1445545750863814e-5,3.1783472159159634e-5
3.111255824824887e-5,3.145902309890498e-5
3.0779463261319034e-5,3.113162237627478e-5
3.04464295862899e-5,3.080109249341307e-5
3.0113604169009213e-5,3.0467274984532576e-5
2.9781106445650808e-5,3.0130036128489077e-5
2.944902466229303e-5,2.9789271799197873e-5
2.9117409763393348e-5,2.944491177272113e-5
2.878627336772015e-5,2.9096924673451846e-5
2.8455583245234733e-5,2.8745320309554562e-5
2.812526130483687e-5,2.839015386330906e-5
2.779518263514289e-5,2.8031526929699984e-5
2.746517436730166e-5,2.7669588259046396e-5
2.7135017177335994e-5,2.730453460844939e-5
2.6804446464402903e-5,2.6936607925129783e-5
2.647315530897767e-5,2.6566094869780264e-5
2.6140799901776733e-5,2.619332136562538e-5
2.5807003507526215e-5,2.5818648493086832e-5
2.547136375475965e-5,2.544246705321036e-5
2.513345982639107e-5,2.5065189334352824e-5
2.4792860327371785e-5,2.4687242887795423e-5
2.4449133848212173e-5,2.4309060301528006e-5
2.410185595556093e-5,2.3931070602369046e-5
2.375062118943564e-5,2.355369034302922e-5
2.339505215559887e-5,2.3177311648203116e-5
2.3034808953929813e-5,2.2802295344189463e-5
2.266959871227289e-5,2.2428958195523925e-5
2.2299183572609734e-5,2.2057566573135114e-5
2.1923389688736337e-5,2.168832686032157e-5
2.1542115179475974e-5,2.1321378366186067e-5
2.115533001055266e-5,2.0956788638961804e-5
2.076308514538827e-5,2.0594545405551143e-5
2.0365510804830036e-5,2.0234558323247684e-5
1.996282249632231e-5,1.987665343111445e-5
1.955531585220159e-5,1.95205792827385e-5
1.9143357374629472e-5,1.916600190565627e-5
1.8727389866288093e-5,1.881251436736176e-5
1.8307916380579477e-5,1.8459640811690858e-5
1.788550485603143e-5,1.8106847652950085e-5
1.7460759985452356e-5,1.775355198490241e-5
1.70343200017896e-5,1.739912554838512e-5
1.660684569295551e-5,1.7042916331465632e-5
1.617900633443266e-5,1.6684255313496454e-5
1.5751470023843677e-5,1.6322480686639727e-5
1.532487366074563e-5,1.595693814220859e-5
1.4899822725045217e-5,1.5587000722312108e-5
1.4476873917557757e-5,1.5212083629447749e-5
1.4056526876033854e-5,1.4831659206663693e-5
1.3639206380427546e-5,1.4445270480670359e-5
1.3225249659022794e-5,1.4052532858303226e-5
1.2814903368319761e-5,1.3653150972004205e-5
1.2408317956015617e-5,1.3246924619832913e-5
1.2005540101204149e-5,1.283375717349963e-5
1.1606511056495092e-5,1.241365585098543e-5
1.1211064975346582e-5,1.1986731401513204e-5
1.0820082646315164e-5,1.1554071482565423e-5
1.0434389185089172e-5,1.111665391627508e-5
1.0053645913759883e-5,1.0674658549248718e-5
9.677461591790946e-6,1.0228498703111785e-5
9.305388939220243e-6,9.77883607549358e-6
8.936922224497806e-6,9.326580416790891e-6
8.571518824111063e-6,8.8728790628811e-6
8.208603222907172e-6,8.419117836811586e-6
7.847596660428182e-6,7.966870965819233e-6
7.48794913237634e-6,7.517891291368325e-6
7.129172020755594e-6,7.074044218899858e-6
6.770909473077536e-6,6.6372840276314475e-6
6.412926541660025e-6,6.2095783585198574e-6
6.055188115467656e-6,5.792826077235291e-6
5.697877614337347e-6,5.3888233660279235e-6
5.3414631013832954e-6,4.999189330828763e-6
4.9867010153809395e-6,4.625357042922852e-6
4.634587237237888e-6,4.268459898341417e-6
4.2863938947485e-6,3.929317203385032e-6
3.943636140914539e-6,3.608433773119663e-6
3.608069863078042e-6,3.3060240426591e-6
3.2815697402164288e-6,3.0220262141436962e-6
2.9660429521557164e-6,2.7560688236827812e-6
2.6633873959526583e-6,2.507547286724554e-6
2.3754267041852385e-6,2.2756983913820896e-6
2.1038288452264945e-6,2.0596780251781714e-6
1.8499868697222574e-6,1.8585876278385361e-6
1.6149644032597259e-6,1.6715023054100946e-6
1.3994777886959155e-6,1.4975446575780553e-6
1.2038773165765166e-6,1.3359354317024545e-6
1.0281301710522842e-6,1.1860120456093762e-6
8.718263049398325e-7,1.0472219738188228e-6
7.342176120429762e-7,9.191138556561367e-7
6.142716830026182e-7,8.013290188422908e-7
5.107311158460058e-7,6.93575855309782e-7
4.221802584386482e-7,5.955982011803686e-7
3.4711667289524516e-7,5.071497134987872e-7
2.8400715309343023e-7,4.2796161245251507e-7
2.313388264624233e-7,3.5771216164793007e-7
1.8766937581515398e-7,2.960098570647619e-7
1.5166751853080898e-7,2.423907330382936e-7
1.2213718238691592e-7,1.9632724202243977e-7
9.802007459892382e-8,1.572290014838894e-7
7.839562148856216e-8,1.2445274484990463e-7
6.247947048114198e-8,9.732258992445171e-8
4.9614862342996635e-8,7.51544579714499e-8
3.9257482760021356e-8,5.727971395046457e-8
3.0956758434530006e-8,4.3058521098212595e-8
2.4339720806325952e-8,3.189459445462463e-8
1.9099031182998167e-8,2.3246728749018472e-8
1.4981031944329994e-8,1.663668092612889e-8
1.177597163368512e-8,1.1653169153536917e-8
9.310147388196188e-9,7.9491028149602e-9
7.439336360091917e-9,5.238516035695227e-9
6.045996926972176e-9,3.2909410730041287e-9
5.0364224707409726e-9,1.924786212532769e-9
4.339943030502669e-9,1.0013581301382102e-9
3.909705273593511e-9,4.1725888513522605e-10
3.7242963437061537e-9,9.92779952961963e-11
